id,score,up_vote_count,down_vote_count,answers_count,view_count,is_answered
79681963,1,3,2,2,218,True
79682129,1,1,0,2,153,False
79682182,-1,1,2,2,87,True
79682193,1,1,0,2,95,True
79682355,4,5,1,1,142,True
79682423,0,1,1,1,90,True
79683923,2,2,0,3,77,True
79684282,-1,0,1,2,182,True
79684289,0,0,0,3,98,True
79684302,-1,0,1,2,79,False
79684960,1,1,0,1,76,True
79685280,1,2,1,1,1122,False
79686305,2,2,0,0,121,False
79686536,1,1,0,1,164,False
79686674,-1,1,2,3,164,True
79686817,1,1,0,1,145,True
79687541,0,0,0,1,181,False
79687948,-1,0,1,1,169,True
79688269,-1,0,1,2,91,True
79688851,2,2,0,1,76,True
79688989,1,1,0,1,80,True
79689145,4,4,0,5,200,True
79689559,-1,0,1,1,92,True
79690317,4,4,0,4,354,True
79690387,1,1,0,4,146,True
79690550,0,2,2,2,162,True
79690741,2,2,0,3,148,True
79691469,0,0,0,1,83,True
79693395,1,2,1,1,93,False
79693444,3,3,0,2,99,True
79693980,1,1,0,1,113,True
79694076,-1,2,3,2,105,True
79694353,0,1,1,1,142,True
79695686,1,1,0,2,76,True
79695857,2,2,0,1,60,True
79695863,2,2,0,2,85,True
79696026,1,2,1,2,106,True
79696464,0,1,1,1,88,True
79696924,-2,0,2,3,98,True
79697062,0,1,1,4,112,True
79697129,0,0,0,2,190,False
79697304,2,2,0,2,108,True
79697374,2,3,1,4,111,True
79697557,-1,0,1,1,67,False
79697654,1,1,0,2,107,True
79697920,2,2,0,3,138,True
79697943,-1,1,2,1,78,True
79698143,2,2,0,1,87,True
79698313,2,2,0,2,90,True
79698322,0,1,1,1,94,False
79698797,-1,0,1,1,67,False
79698938,-1,0,1,0,37,False
79698939,1,2,1,1,80,True
79700435,4,4,0,3,128,True
79700457,-1,2,3,1,190,True
79701027,1,1,0,1,77,True
79701246,2,2,0,4,182,True
79701279,0,0,0,1,70,False
79701599,2,2,0,5,240,True
79701721,-3,0,3,1,96,True
79701738,1,1,0,1,126,True
79701919,0,0,0,1,119,True
79702717,2,2,0,2,87,True
79702768,1,1,0,1,91,True
79702867,-1,1,2,3,1036,True
79703443,1,2,1,3,94,True
79703637,0,1,1,1,89,True
79704017,1,2,1,3,123,True
79704660,-1,1,2,1,105,True
79705016,2,2,0,1,71,True
79705297,1,2,1,1,128,True
79705361,1,1,0,0,63,False
79705490,2,2,0,3,129,True
79705869,0,0,0,4,128,True
79707800,2,2,0,1,111,True
79707979,2,3,1,2,99,True
79708133,0,0,0,2,88,True
79708942,1,1,0,1,81,True
79708964,-1,1,2,1,125,True
79709014,0,0,0,0,172,False
79709161,-1,0,1,1,55,True
79709223,0,1,1,1,127,True
79709608,2,3,1,4,168,True
79709826,-3,0,3,1,103,True
79710641,1,1,0,1,126,True
79711547,3,3,0,2,74,True
79711592,4,4,0,2,199,True
79711703,3,3,0,3,124,True
79711835,1,1,0,1,77,True
79711921,3,3,0,3,120,True
79711964,2,2,0,3,189,True
79711988,2,2,0,4,163,True
79712352,0,0,0,2,156,True
79712917,-2,1,3,2,195,False
79713334,4,4,0,1,101,True
79713650,-1,1,2,1,122,True
79713664,6,6,0,2,137,True
79714042,4,5,1,2,234,True
79714236,0,0,0,0,114,False
79714577,-2,0,2,1,102,True
79714624,2,2,0,2,108,True
79716239,-6,1,7,2,119,True
79716450,-3,1,4,2,158,True
79716909,-2,3,5,1,131,True
79717384,-1,2,3,4,163,True
79717830,3,3,0,1,108,True
79718123,-1,1,2,1,74,True
79718362,0,0,0,1,64,True
79719885,0,0,0,2,196,True
79720297,4,4,0,1,178,True
79720598,2,2,0,1,60,False
79720945,2,3,1,2,114,True
79721893,3,5,2,2,183,True
79722066,0,1,1,1,115,False
79722140,2,2,0,1,138,True
79722606,2,2,0,1,217,True
79725304,0,0,0,3,141,True
79725307,0,0,0,1,206,False
79725366,0,0,0,1,52,True
79726254,1,2,1,3,163,True
79726460,5,6,1,4,177,True
79726497,-1,0,1,1,109,True
79726744,0,1,1,3,221,True
79727413,2,2,0,1,86,True
79727552,4,4,0,1,123,True
79727721,3,3,0,1,238,True
79727724,2,4,2,2,114,True
79728772,2,3,1,2,107,True
79729011,0,0,0,3,91,True
79729059,2,3,1,1,116,True
79729079,-1,0,1,1,129,True
79729171,2,2,0,2,254,True
79729280,1,2,1,1,144,False
79729450,4,4,0,1,139,True
79729716,2,3,1,2,153,True
79729807,2,2,0,3,103,True
79730061,-2,1,3,1,108,True
79730239,0,1,1,2,124,True
79730445,1,1,0,1,93,True
79731798,0,0,0,2,131,True
79732187,3,4,1,3,155,True
79732369,5,5,0,3,151,True
79732436,-3,0,3,1,127,True
79732490,0,0,0,0,78,False
79733314,1,1,0,2,148,True
79733654,1,1,0,4,130,True
79733732,3,3,0,1,158,True
79734092,1,2,1,0,139,False
79734105,1,1,0,2,162,True
79734587,1,1,0,1,124,True
79735286,1,1,0,2,154,True
79735462,1,1,0,1,72,True
79736051,3,5,2,2,203,True
79736082,5,5,0,1,140,True
79736356,0,0,0,1,89,False
79736466,3,3,0,1,99,True
79736516,-1,0,1,1,79,False
79736798,0,0,0,4,189,True
79737122,1,2,1,3,124,True
79738076,0,0,0,0,75,False
79738459,2,2,0,3,229,True
79739025,3,4,1,7,303,True
79739186,0,1,1,3,222,False
79739561,0,1,1,1,383,True
79739565,0,3,3,2,154,True
79740248,0,1,1,1,78,True
79740642,0,0,0,1,131,True
79740906,0,1,1,1,97,True
79741044,0,0,0,0,120,False
79741486,0,0,0,1,70,True
79741570,-1,0,1,0,43,False
79741584,-3,0,3,1,88,True
79741939,2,2,0,1,104,True
79742613,-2,0,2,2,125,True
79742747,5,6,1,4,220,True
79742851,1,2,1,2,98,True
79743442,1,1,0,3,78,True
79743563,-1,1,2,1,173,True
79743764,2,2,0,1,121,True
79743827,-3,0,3,1,110,False
79745144,1,1,0,2,111,True
79745180,1,1,0,0,58,False
79745378,1,2,1,2,151,True
79745661,0,1,1,2,203,True
79746177,0,1,1,1,122,True
79747062,3,3,0,2,113,True
79747517,2,2,0,2,139,True
79747841,2,2,0,2,145,True
79748214,1,1,0,1,81,True
79748541,0,0,0,0,121,False
79748742,2,2,0,1,109,True
79749918,-1,2,3,2,193,True
79750201,1,1,0,1,152,True
79750659,1,3,2,3,212,True
79750698,-2,0,2,1,66,True
79750849,2,2,0,2,141,True
79751843,-3,0,3,2,113,True
79752209,-3,0,3,1,95,False
79753336,0,1,1,3,131,True
79753404,4,4,0,5,200,True
79753976,1,1,0,1,127,True
79754036,1,2,1,2,130,True
79754325,3,3,0,2,83,True
79754363,0,0,0,1,155,False
79754689,0,0,0,0,77,False
79754727,3,3,0,1,114,True
79755445,3,3,0,1,120,True
79755969,0,1,1,1,102,False
79756891,1,2,1,1,150,True
79756982,2,4,2,1,49,True
79756998,0,2,2,1,136,True
79757554,2,3,1,2,157,True
79757699,0,0,0,1,86,True
79758087,0,2,2,1,144,True
79758791,-5,1,6,2,99,True
79759241,1,2,1,1,83,True
79759817,-4,0,4,1,122,True
79760111,2,3,1,2,158,True
79760577,1,1,0,4,151,True
79760970,0,1,1,1,93,True
79760997,1,1,0,1,87,True
79761648,3,3,0,1,120,True
79762091,1,1,0,1,102,True
79762521,0,0,0,0,109,False
79762879,5,5,0,2,108,True
79762940,0,0,0,1,127,False
79763147,1,1,0,0,57,False
79763306,3,3,0,1,99,True
79763815,-2,1,3,1,130,True
79764873,5,5,0,1,166,True
79765477,0,0,0,1,51,True
79765624,1,1,0,1,170,True
79765875,0,0,0,1,148,True
79765969,1,2,1,0,90,False
79766399,0,1,1,1,106,True
79766716,0,1,1,3,132,True
79766822,1,2,1,1,157,False
79767126,-5,0,5,1,126,True
79767306,2,2,0,1,143,True
79767989,-3,2,5,2,149,True
79769100,-1,1,2,1,129,True
79769157,4,6,2,0,138,False
79769329,-3,0,3,1,79,True
79769401,1,2,1,1,79,True
79769546,3,3,0,0,102,False
79769552,1,2,1,1,114,False
79769689,3,3,0,1,112,True
79770153,0,0,0,1,146,False
79770347,4,4,0,1,156,True
79771875,0,2,2,2,267,True
79772638,0,0,0,1,135,True
79772829,3,3,0,2,210,True
79773259,0,1,1,2,115,True
79774536,2,2,0,2,75,True
79774712,4,5,1,2,129,True
79774762,0,4,4,2,148,True
79775059,2,2,0,1,89,True
79775188,2,3,1,4,134,True
79775198,1,2,1,1,103,True
79775369,1,1,0,1,132,True
79776085,1,1,0,1,86,False
79776168,2,2,0,3,139,True
79776457,1,1,0,3,178,True
79777512,2,3,1,2,85,True
79777567,3,7,4,1,237,True
79778041,1,1,0,2,104,True
79778179,1,3,2,0,172,False
79778308,0,0,0,2,104,True
79779419,-1,0,1,3,137,True
79780050,1,2,1,1,85,True
79780374,0,0,0,2,92,True
79781575,3,4,1,2,117,True
79782524,0,0,0,0,74,False
79782544,-4,0,4,1,100,True
79782665,1,3,2,3,161,True
79782787,2,2,0,1,93,True
79783029,0,1,1,1,107,True
79784467,2,2,0,1,83,True
79784828,0,0,0,2,71,True
79785140,0,1,1,1,109,True
79785552,1,1,0,1,111,True
79785709,1,1,0,1,113,True
79785853,1,2,1,2,85,True
79785960,0,0,0,2,83,True
79786226,0,1,1,1,200,True
79786299,2,2,0,1,109,True
79786921,0,1,1,1,99,False
79787003,0,0,0,1,78,False
79787584,6,6,0,3,223,True
79787796,0,0,0,1,86,True
79788189,-1,0,1,0,53,False
79789105,1,1,0,1,63,True
79789268,0,2,2,3,108,True
79789316,0,0,0,1,79,True
79789474,0,0,0,1,157,True
79790339,-4,1,5,2,229,True
79790643,-7,0,7,1,176,True
79791075,-4,0,4,1,92,True
79791379,0,0,0,3,135,True
79791439,5,5,0,2,221,True
79791669,3,3,0,2,91,True
79792215,0,2,2,1,139,True
79792652,0,1,1,1,179,True
79793019,1,1,0,1,110,False
79793067,1,1,0,6,255,True
79793409,-1,1,2,1,113,True
79795209,1,1,0,2,145,True
79795265,2,2,0,2,101,True
79795528,3,3,0,5,177,True
79795573,0,0,0,0,72,False
79795578,0,4,4,1,219,True
79796306,1,2,1,4,243,True
79796876,0,0,0,1,88,True
79796877,-1,2,3,3,102,True
79797012,2,3,1,1,93,True
79798285,2,3,1,2,157,True
79799851,1,2,1,3,165,True
79799862,4,5,1,1,145,True
79802861,0,0,0,1,113,True
79802903,4,4,0,2,113,True
79803445,-3,1,4,2,189,True
79803510,-4,0,4,1,183,True
79803688,0,2,2,0,70,False
79803727,1,1,0,1,167,True
79803969,2,3,1,2,209,True
79804204,0,1,1,1,162,True
79804271,2,2,0,0,152,False
79804286,0,0,0,1,128,True
79804329,0,1,1,7,355,True
79805212,1,1,0,0,113,False
79805913,2,3,1,4,146,True
79806051,0,1,1,2,172,False
79806384,0,1,1,0,65,False
79806960,0,0,1,6,163,True
79807261,-8,0,8,1,123,True
79807277,2,3,1,1,118,False
79807577,5,5,0,4,249,True
79807775,3,3,0,1,149,True
79808347,0,0,0,6,146,True
79808530,6,6,0,1,140,True
79808801,4,5,1,3,98,True
79809217,0,1,1,1,93,True
79809632,-3,3,6,1,151,True
79809996,1,1,0,1,133,False
79810483,-1,0,1,1,87,True
79810487,1,1,0,1,170,True
79810659,0,2,2,1,216,True
79810955,2,2,0,3,163,True
79812598,1,1,0,2,86,True
79812842,5,5,0,4,227,True
79812952,0,0,0,5,105,True
79814262,0,0,0,0,111,False
79814599,1,3,2,2,182,True
79815133,2,2,0,2,229,True
79815901,0,0,0,2,129,True
79817472,0,0,0,4,147,True
79817823,0,0,0,0,73,False
79818030,0,0,0,1,70,False
79818073,1,1,0,5,102,True
79818089,0,1,1,2,95,True
79818502,0,0,0,8,143,True
79818692,0,0,0,7,168,True
79818993,1,0,0,0,77,False
79820232,1,1,0,4,219,True
79820507,0,0,0,9,149,True
79820764,3,3,0,3,164,True
79820914,0,0,0,0,72,False
79820981,3,3,0,1,112,True
79821363,2,0,0,8,190,True
79821595,-7,0,7,1,74,True
79821615,2,2,0,1,136,True
79822122,2,2,0,3,132,True
79822318,0,0,0,1,86,True
79822511,1,1,0,1,115,False
79822735,2,0,0,7,120,True
79822762,5,5,0,3,181,True
79822777,1,2,1,1,121,True
79822878,1,2,1,1,90,True
79824063,-3,2,5,1,153,False
79824104,1,3,2,1,153,False
79824204,0,0,0,3,47,True
79824438,-2,1,3,2,102,True
79824640,0,0,0,2,131,True
79824655,0,1,1,3,98,True
79824846,0,0,0,1,36,False
79825097,0,0,0,5,74,True
79825241,0,4,4,1,114,False
79825480,-2,1,3,1,87,True
79826090,0,0,0,1,86,False
79826537,0,1,1,1,98,True
79826891,1,1,0,1,122,True
79827364,-4,0,4,3,170,True
79828139,1,1,0,1,198,True
79828257,3,4,1,2,158,True
79829003,1,1,0,2,127,True
79829103,0,1,1,1,66,True
79829177,0,1,1,2,142,True
79829295,0,1,1,2,172,True
79830521,1,1,0,2,115,True
79831106,0,0,0,2,68,True
79831830,0,0,0,7,109,True
79832942,1,2,1,2,131,True
79832965,0,1,1,0,172,False
79833901,1,1,0,2,90,True
79834065,1,0,0,2,72,True
79835358,0,0,0,6,94,True
79835416,0,1,1,2,126,False
79835521,-8,0,8,1,134,True
79835988,1,2,1,1,91,True
79836733,0,1,1,2,104,True
79837033,0,0,0,2,114,True
79837102,0,0,0,1,164,True
79837206,0,1,1,1,117,True
79838006,3,3,0,1,103,True
79838144,0,0,0,1,70,True
79838278,0,0,0,0,17,False
79838609,0,0,0,3,46,True
79839016,0,0,0,1,101,False
79839226,0,0,0,0,69,False
79839460,1,1,0,2,83,True
79839469,0,1,1,5,350,True
79840539,-1,0,1,0,28,False
79841070,0,0,0,1,65,False
79841348,-5,0,5,0,100,False
79841501,0,0,0,8,130,True
79841768,3,3,0,2,151,True
79841911,1,0,0,5,84,True
79842271,5,5,0,3,124,True
79842407,-1,0,1,0,98,False
79842915,0,1,1,2,112,True
79842990,0,0,0,0,75,False
79843330,1,2,1,2,154,True
79843802,-3,0,3,1,143,True
79844954,0,0,0,1,65,False
79844959,2,2,0,2,115,True
79846390,1,1,0,3,179,True
79847000,-1,1,2,1,114,True
79847129,-2,1,3,1,175,True
79848545,-1,0,1,0,113,False
79848658,-1,0,1,1,127,True
79848896,2,2,0,2,166,True
79848914,1,0,0,4,82,True
79849335,0,0,0,8,89,True
79849398,2,2,0,1,108,False
79850312,2,2,0,1,71,True
79850545,-2,0,2,0,30,False
79850577,1,1,0,0,78,False
79850581,0,0,0,8,61,True
79851291,0,0,0,2,114,True
79851461,3,3,0,2,136,True
79851735,0,2,2,1,212,True
79852159,0,0,0,4,77,False
79852308,1,1,0,1,106,True
79852398,1,1,0,1,65,False
79853487,2,2,0,1,40,True
79853766,2,2,0,3,116,True
79853954,0,1,1,1,78,True
79854081,3,3,0,1,62,True
79854149,3,3,0,1,89,True
79854159,0,0,0,1,58,False
79854842,0,1,1,1,60,True
79854966,0,0,0,3,67,True
79855026,2,2,0,1,121,False
79681731,2,2,0,2,136,True
79681749,1,1,0,1,54,True
79682047,-2,1,3,1,112,True
79682321,0,0,0,1,80,True
79682355,4,5,1,1,142,True
79682530,0,0,0,0,77,False
79682704,1,1,0,1,195,True
79682969,0,0,0,0,43,False
79683892,0,0,0,1,173,True
79683899,2,2,0,4,583,True
79683923,2,2,0,3,77,True
79684344,0,0,0,1,46,True
79684449,0,0,0,2,81,True
79684960,1,1,0,1,76,True
79685161,0,0,0,0,99,False
79685195,0,0,0,2,71,True
79685280,1,2,1,1,1122,False
79686134,1,1,0,1,80,False
79687130,0,0,0,0,44,False
79687140,0,0,0,0,54,False
79688106,1,1,0,2,66,True
79688150,3,3,0,2,109,True
79688301,0,0,0,0,81,False
79688989,1,1,0,1,80,True
79689016,0,0,0,1,55,False
79689783,1,1,0,1,249,True
79690550,0,2,2,2,162,True
79690717,0,0,0,0,79,False
79692177,0,0,0,0,38,False
79692355,-1,0,1,1,501,False
79692703,0,0,0,0,92,False
79692938,1,1,0,2,122,True
79693444,3,3,0,2,99,True
79693600,2,2,0,2,79,True
79693816,0,0,0,1,444,True
79693948,2,2,0,2,603,True
79694578,0,0,0,0,57,False
79695510,0,0,0,0,47,False
79695526,0,0,0,0,29,False
79695994,0,0,0,0,238,False
79696122,0,0,0,0,118,False
79697286,3,3,0,0,100,False
79697557,-1,0,1,1,67,False
79698322,0,1,1,1,94,False
79698383,0,0,0,1,197,False
79699931,3,4,1,2,177,True
79701104,0,0,0,1,81,False
79701246,2,2,0,4,182,True
79701641,-2,0,2,1,93,True
79702140,0,0,0,1,59,True
79702285,1,1,0,2,197,True
79702717,2,2,0,2,87,True
79702867,-1,1,2,3,1036,True
79703388,0,0,0,1,90,True
79703499,0,0,0,0,50,False
79704987,1,1,0,1,114,True
79705221,1,1,0,2,107,False
79705615,0,0,0,1,145,True
79705869,0,0,0,4,128,True
79707789,1,2,1,1,73,True
79708564,0,0,0,1,126,True
79709133,0,0,0,1,69,True
79709658,2,2,0,0,329,False
79709712,0,0,0,1,159,True
79711835,1,1,0,1,77,True
79711840,0,0,0,0,50,False
79711921,3,3,0,3,120,True
79712336,0,0,0,1,84,True
79712364,0,0,0,1,64,False
79712748,1,1,0,1,68,True
79713003,0,1,1,2,135,True
79713329,4,4,0,2,129,True
79713632,0,0,0,0,36,False
79714471,0,0,0,1,102,False
79714539,0,0,0,2,126,False
79714668,1,1,0,1,186,True
79715514,0,0,0,0,74,False
79715575,0,1,1,2,146,False
79717133,-1,0,1,2,138,True
79717514,0,0,0,0,76,False
79717954,1,1,0,1,53,True
79718323,1,1,0,1,121,False
79718500,0,2,2,3,222,True
79718607,0,0,0,1,100,False
79718709,-1,0,1,0,166,False
79718748,2,2,0,1,128,True
79718887,0,0,0,1,115,False
79719154,2,2,0,1,66,True
79719836,1,1,0,1,125,True
79720297,4,4,0,1,178,True
79721483,2,2,0,1,118,True
79721866,0,0,0,1,97,True
79721893,3,5,2,2,183,True
79722524,2,2,0,2,222,True
79722528,0,0,0,1,59,True
79722656,0,1,1,2,89,True
79722820,0,0,0,1,121,False
79723451,0,0,0,1,93,True
79723686,1,1,0,1,228,True
79724928,0,0,0,1,106,True
79725198,0,1,1,1,98,False
79725454,0,0,0,0,244,False
79725806,0,0,0,1,48,True
79726186,1,1,0,1,139,False
79726283,0,0,0,0,70,False
79726943,0,1,1,1,109,True
79727094,2,2,0,0,127,False
79727814,1,1,0,2,418,True
79727955,0,0,0,2,170,True
79728189,-2,0,2,2,163,True
79728912,0,2,2,1,74,True
79729171,2,2,0,2,254,True
79729500,0,0,0,0,87,False
79729636,-2,0,2,2,125,True
79729716,2,3,1,2,153,True
79731194,2,2,0,1,111,False
79732194,2,2,0,2,93,True
79732490,0,0,0,0,78,False
79735413,2,2,0,0,22,False
79736389,1,1,0,3,172,True
79736466,3,3,0,1,99,True
79736516,-1,0,1,1,79,False
79736536,4,4,0,1,119,True
79736595,0,1,1,3,123,True
79736957,3,3,0,1,204,True
79737525,0,0,0,3,149,True
79737680,1,1,0,1,41,True
79737831,1,1,0,2,155,True
79738755,-2,1,3,4,411,True
79739025,3,4,1,7,303,True
79740005,2,2,0,1,235,False
79740056,2,2,0,1,156,True
79740817,4,4,0,2,163,True
79741226,1,1,0,3,96,True
79742113,2,2,0,2,167,True
79742185,0,0,0,1,81,False
79742402,1,1,0,0,168,False
79742774,3,4,1,1,145,True
79743290,2,2,0,3,95,True
79743762,-1,0,1,1,135,True
79744077,1,1,0,1,121,True
79744777,3,3,0,2,142,True
79745378,1,2,1,2,151,True
79745618,1,1,0,0,121,False
79745661,0,1,1,2,203,True
79745744,-1,0,1,0,63,False
79745982,1,1,0,2,191,True
79746804,-1,0,1,1,77,False
79747129,2,2,0,0,119,False
79747791,0,0,0,1,67,True
79747980,5,5,0,3,113,True
79747999,1,1,0,1,101,True
79748162,2,2,0,2,189,True
79748303,0,1,1,1,105,True
79748794,2,2,0,3,266,True
79748803,-1,0,1,0,56,False
79749620,-2,0,2,1,101,True
79749626,1,1,0,1,75,True
79749985,0,0,0,0,50,False
79750124,0,0,0,1,223,False
79751216,0,1,1,0,82,False
79751843,-3,0,3,2,113,True
79752209,-3,0,3,1,95,False
79752353,0,0,0,0,106,False
79752827,-1,0,1,1,108,True
79753045,0,0,0,1,79,False
79753268,1,1,0,0,91,False
79753589,2,2,0,1,273,True
79753780,2,3,1,2,113,True
79754111,1,1,0,0,63,False
79754299,-1,1,2,1,114,True
79755445,3,3,0,1,120,True
79755530,0,0,0,1,280,False
79755868,2,2,0,1,149,True
79755894,1,1,0,1,69,False
79755983,1,1,0,1,77,True
79756342,0,0,0,1,65,False
79756514,0,0,0,0,61,False
79756732,0,0,0,0,47,False
79756740,2,3,1,1,153,True
79756911,0,0,0,0,44,False
79756998,0,2,2,1,136,True
79757699,0,0,0,1,86,True
79758979,0,0,0,2,89,False
79759088,0,0,0,0,98,False
79759530,0,0,0,2,206,False
79760320,0,1,1,2,105,True
79760645,2,2,0,1,69,True
79760943,2,2,0,1,163,True
79760989,2,2,0,1,74,True
79761286,3,3,0,1,161,True
79761506,1,1,0,0,121,False
79762084,1,1,0,1,39,True
79762247,0,0,0,0,77,False
79762784,1,1,0,1,198,True
79763056,0,0,0,0,519,False
79763104,0,0,0,1,130,False
79763477,3,4,1,1,186,True
79763559,0,0,0,0,91,False
79763718,1,2,1,1,69,True
79763756,0,0,0,0,38,False
79763777,2,2,0,1,129,True
79763947,3,4,1,2,175,True
79763987,0,1,1,2,122,True
79764061,1,1,0,1,128,False
79764368,0,0,0,1,70,True
79764546,0,0,0,0,99,False
79764761,1,1,0,1,81,True
79765477,0,0,0,1,51,True
79765506,1,1,0,1,134,False
79765524,1,1,0,1,51,False
79765624,1,1,0,1,170,True
79765852,1,1,0,0,73,False
79765980,1,1,0,0,75,False
79766781,2,2,0,1,231,True
79767171,1,1,0,0,40,False
79767372,0,0,0,0,79,False
79767989,-3,2,5,2,149,True
79768381,-1,0,1,0,42,False
79768622,0,0,0,2,127,False
79768868,2,2,0,0,279,False
79769100,-1,1,2,1,129,True
79769268,2,2,0,1,66,True
79769415,0,1,1,1,53,True
79771250,2,2,0,1,106,True
79771769,0,0,0,1,83,False
79771875,0,2,2,2,267,True
79772908,1,1,0,0,100,False
79773654,0,0,0,1,119,True
79773723,1,1,0,1,122,True
79774404,2,2,0,1,76,True
79774453,0,0,0,1,547,True
79774536,2,2,0,2,75,True
79774734,0,1,1,1,60,True
79775847,0,0,0,0,37,False
79775896,1,1,0,3,107,True
79776078,-1,0,1,2,56,False
79776168,2,2,0,3,139,True
79776223,2,2,0,2,97,True
79776386,1,1,0,1,88,True
79776839,0,1,1,1,106,False
79777138,-3,0,3,2,101,True
79777414,2,2,0,1,84,True
79777829,0,0,0,0,136,False
79778099,1,1,0,1,58,True
79778744,0,0,0,1,78,True
79779353,0,0,0,0,94,False
79779750,1,1,0,1,50,True
79779757,1,1,0,1,76,True
79779871,1,1,0,1,74,True
79780370,2,2,0,2,88,True
79780392,2,2,0,4,103,True
79780405,2,2,0,1,60,True
79780715,1,1,0,3,85,True
79780906,0,4,4,2,223,True
79781144,1,1,0,1,56,False
79781388,0,0,0,0,50,False
79782665,1,3,2,3,161,True
79783577,0,0,0,0,41,False
79783671,-2,0,2,2,67,True
79783748,0,0,0,1,56,True
79784467,2,2,0,1,83,True
79784613,2,2,0,1,106,True
79784758,3,3,0,1,186,True
79785110,0,0,0,1,136,False
79785192,0,0,0,0,75,False
79785552,1,1,0,1,111,True
79785651,0,0,0,1,128,True
79785709,1,1,0,1,113,True
79786127,0,0,0,0,30,False
79786132,0,0,0,0,73,False
79786624,1,1,0,2,114,True
79787172,3,3,0,1,99,True
79789193,1,1,0,1,99,True
79789546,1,1,0,1,83,True
79790438,1,1,0,1,88,True
79790643,-7,0,7,1,176,True
79790915,1,1,0,1,93,False
79791075,-4,0,4,1,92,True
79791280,4,4,0,1,133,True
79791669,3,3,0,2,91,True
79793181,3,3,0,2,94,True
79793556,0,0,0,1,66,True
79793569,2,3,1,0,78,False
79793773,-2,0,2,1,73,True
79794098,0,0,0,1,73,False
79794139,2,2,0,0,193,False
79794512,2,2,0,1,134,True
79794872,0,1,1,0,127,False
79795578,0,4,4,1,219,True
79795933,1,1,0,1,81,True
79796121,1,2,1,4,128,True
79796335,0,0,0,0,113,False
79796620,-4,2,6,1,313,True
79796876,0,0,0,1,88,True
79797165,0,0,0,1,74,True
79797221,0,0,0,1,47,True
79797577,4,4,0,0,72,False
79798160,1,1,0,1,60,True
79798449,0,0,0,0,71,False
79798524,3,3,0,2,119,True
79799934,1,1,0,1,77,True
79802168,1,1,0,1,69,False
79802208,1,1,0,3,113,True
79802852,0,0,0,0,131,False
79802904,1,1,0,1,50,True
79803102,2,2,0,1,102,True
79803126,2,2,0,1,85,True
79803688,0,2,2,0,70,False
79803876,0,0,0,0,59,False
79804089,0,0,0,1,76,False
79804253,2,3,1,2,144,True
79804551,2,2,0,1,77,False
79805212,1,1,0,0,113,False
79805414,0,0,0,7,197,True
79805848,4,4,0,1,139,True
79806315,2,0,0,2,65,True
79806471,2,2,0,0,98,False
79806877,3,3,0,3,254,True
79807577,5,5,0,4,249,True
79807640,2,2,0,1,60,True
79807659,1,1,0,1,94,True
79808016,1,1,0,1,93,False
79808711,0,0,0,0,67,False
79809217,0,1,1,1,93,True
79809822,2,2,0,1,81,True
79810530,1,1,0,2,130,False
79810659,0,2,2,1,216,True
79810742,1,1,0,1,96,True
79811486,2,2,0,1,124,True
79811492,0,0,0,2,102,False
79811688,0,0,0,1,74,False
79812024,2,0,0,2,120,True
79812429,1,1,0,0,72,False
79812481,0,0,0,0,79,False
79812747,0,0,0,3,49,True
79812842,5,5,0,4,227,True
79813060,0,0,0,1,83,False
79814599,1,3,2,2,182,True
79814928,0,0,0,0,76,False
79815133,2,2,0,2,229,True
79816071,2,2,0,2,112,True
79816352,1,0,0,2,77,True
79817729,1,1,0,1,95,True
79817779,1,1,0,1,76,True
79818073,1,1,0,5,102,True
79818707,0,1,1,3,94,True
79819582,1,1,0,2,83,True
79820341,-4,0,4,1,61,True
79820463,0,0,0,3,63,True
79820764,3,3,0,3,164,True
79821332,-3,0,3,1,62,True
79821379,0,0,0,6,127,True
79821391,1,1,0,0,111,False
79821435,-1,0,1,1,52,True
79821446,1,0,0,3,50,True
79821519,1,1,0,1,213,True
79821823,1,1,0,0,62,False
79822122,2,2,0,3,132,True
79822251,1,1,0,0,88,False
79822323,0,0,0,0,27,False
79822511,1,1,0,1,115,False
79822762,5,5,0,3,181,True
79822777,1,2,1,1,121,True
79822878,1,2,1,1,90,True
79823228,0,0,0,0,131,False
79823770,2,2,0,1,113,True
79824820,2,3,1,1,94,True
79825199,2,2,0,1,49,True
79825480,-2,1,3,1,87,True
79825741,1,1,0,1,93,True
79825809,3,3,0,1,290,True
79825835,2,2,0,1,80,True
79825887,0,1,1,1,56,True
79826234,0,0,0,1,56,False
79826268,1,1,0,0,71,False
79826372,0,0,0,0,83,False
79826891,1,1,0,1,122,True
79826986,0,0,0,1,57,False
79827087,1,0,0,1,83,False
79827540,0,0,0,1,72,True
79827833,4,4,0,2,2420,False
79828051,0,1,1,0,38,False
79828237,1,1,0,0,115,False
79828496,1,1,0,2,119,True
79828677,-3,0,3,0,105,False
79829003,1,1,0,2,127,True
79829103,0,1,1,1,66,True
79829334,0,0,0,1,57,True
79829377,0,0,0,0,55,False
79831774,0,0,0,0,40,False
79831791,0,0,0,2,89,False
79831844,2,2,0,3,136,True
79832501,0,0,0,3,74,True
79832565,0,1,1,1,64,True
79832676,1,0,0,5,63,True
79832861,0,0,0,1,54,False
79832904,0,0,0,1,61,True
79832942,1,2,1,2,131,True
79832965,0,1,1,0,172,False
79833204,1,0,0,2,50,False
79833573,-1,0,1,0,30,False
79833901,1,1,0,2,90,True
79834214,0,1,1,3,84,True
79834760,0,0,0,3,86,True
79835440,0,0,0,3,54,True
79835521,-8,0,8,1,134,True
79835758,0,0,0,1,160,False
79836803,0,0,0,1,56,False
79837537,2,2,0,0,40,False
79837688,1,1,0,1,68,True
79838006,3,3,0,1,103,True
79838116,1,1,0,0,40,False
79838406,2,2,0,1,144,True
79838482,2,2,0,2,81,True
79838612,0,0,0,2,136,True
79838816,1,1,0,0,96,False
79838897,3,0,0,4,100,True
79839460,1,1,0,2,83,True
79839469,0,1,1,5,350,True
79839909,3,3,0,2,113,True
79841070,0,0,0,1,65,False
79841251,3,3,0,2,76,True
79841501,0,0,0,8,130,True
79841768,3,3,0,2,151,True
79842533,1,1,0,1,108,True
79842655,1,0,0,2,56,True
79843291,0,0,0,0,36,False
79843666,0,1,1,0,64,False
79843814,2,0,0,2,94,True
79844911,2,3,1,1,113,True
79845075,2,3,1,3,1702,True
79845222,0,0,0,1,74,True
79845225,1,1,0,2,115,True
79846354,0,0,0,1,136,True
79847871,1,1,0,1,217,True
79848239,1,1,0,0,90,False
79848391,0,0,0,1,100,True
79848632,1,1,0,0,143,False
79848896,2,2,0,2,166,True
79849124,1,1,0,2,154,True
79849582,0,0,0,0,56,False
79850341,0,0,0,1,33,False
79850577,1,1,0,0,78,False
79850663,-2,0,2,0,40,False
79851111,-3,0,3,0,53,False
79851291,0,0,0,2,114,True
79851509,1,1,0,1,52,False
79851628,0,0,0,6,49,True
79851643,0,0,0,2,64,True
79851931,-3,0,3,0,93,False
79851940,-2,0,2,0,57,False
79851964,1,1,0,1,43,True
79852004,3,3,0,1,135,True
79852398,1,1,0,1,65,False
79852627,-3,0,3,1,39,True
79853492,-1,0,1,0,25,False
79853607,-1,0,1,0,44,False
79853766,2,2,0,3,116,True
79853858,1,1,0,1,58,True
79854146,-1,0,1,1,37,False
79854159,0,0,0,1,58,False
79854214,0,0,0,1,31,False
79854231,-3,0,3,0,67,False
79854938,3,3,0,1,51,True
79854966,0,0,0,3,67,True
79854986,0,1,1,1,57,True
79855026,2,2,0,1,121,False
79855066,0,0,0,1,54,True
79855117,0,0,0,0,22,False
79855374,2,3,1,1,51,False
79683153,1,1,0,2,81,True
79683255,-1,0,1,0,25,False
79683375,0,0,0,1,124,False
79683726,0,0,0,2,99,True
79684155,2,2,0,1,72,True
79687520,0,0,0,2,54,False
79687927,0,0,0,2,74,True
79688269,-1,0,1,2,91,True
79688553,1,1,0,4,82,True
79689011,-1,3,4,1,206,True
79690194,1,1,0,1,109,False
79690741,2,2,0,3,148,True
79690790,4,4,0,1,73,True
79691120,2,3,1,3,201,True
79691469,0,0,0,1,83,True
79694120,1,1,0,2,73,True
79695636,0,1,1,4,87,False
79695927,0,0,0,0,26,False
79696006,5,5,0,4,233,True
79696772,0,0,0,1,57,True
79696924,-2,0,2,3,98,True
79697414,4,4,0,2,172,False
79697654,1,1,0,2,107,True
79698324,-2,0,2,1,47,False
79698797,-1,0,1,1,67,False
79699068,0,0,0,1,75,True
79699937,1,3,2,1,105,True
79701000,2,2,0,2,226,True
79701532,4,4,0,1,84,True
79702241,0,0,0,0,76,False
79705653,-2,1,3,2,123,False
79709473,-4,1,5,3,103,True
79710284,0,0,0,0,31,False
79711547,3,3,0,2,74,True
79711592,4,4,0,2,199,True
79712124,2,2,0,2,103,True
79712911,0,1,1,1,65,True
79713642,0,0,0,0,35,False
79713969,1,2,1,1,51,True
79715432,0,0,0,1,66,False
79715963,0,0,0,1,62,True
79717417,0,1,1,3,117,True
79717501,0,1,1,3,113,True
79719547,0,0,0,0,148,False
79719632,0,3,3,2,186,True
79721545,1,2,1,3,104,True
79722140,2,2,0,1,138,True
79728678,3,4,1,1,111,True
79735259,2,2,0,2,126,True
79735286,1,1,0,2,154,True
79735438,0,0,0,3,92,True
79737255,1,1,0,3,104,True
79738459,2,2,0,3,229,True
79738480,2,2,0,1,68,True
79739381,5,5,0,2,137,True
79741094,0,0,0,0,83,False
79741570,-1,0,1,0,43,False
79741580,0,0,0,1,98,False
79741939,2,2,0,1,104,True
79743442,1,1,0,3,78,True
79748997,-1,0,1,0,45,False
79749469,0,0,0,1,68,True
79749983,2,2,0,2,118,True
79750849,2,2,0,2,141,True
79752002,-1,0,1,1,87,True
79753404,4,4,0,5,200,True
79754325,3,3,0,2,83,True
79756652,3,3,0,0,85,False
79757584,1,1,0,2,76,True
79758087,0,2,2,1,144,True
79762883,0,0,0,1,49,True
79763171,0,0,0,1,48,True
79763470,3,3,0,1,80,True
79764101,1,2,1,1,131,False
79764934,2,2,0,2,351,True
79765875,0,0,0,1,148,True
79766461,-1,0,1,0,37,False
79768612,1,1,0,1,104,False
79771697,1,1,0,1,85,True
79773259,0,1,1,2,115,True
79774712,4,5,1,2,129,True
79775928,2,2,0,1,62,True
79777856,3,3,0,0,169,False
79780906,0,4,4,2,223,True
79781557,0,0,0,3,66,True
79783029,0,1,1,1,107,True
79785140,0,1,1,1,109,True
79786562,3,3,0,1,70,True
79790370,-3,1,4,1,282,False
79795103,0,1,1,2,96,True
79795265,2,2,0,2,101,True
79795528,3,3,0,5,177,True
79799408,1,1,0,1,70,True
79799532,3,4,1,1,120,True
79799610,-1,0,1,1,67,False
79800009,4,4,0,1,158,True
79802698,0,0,0,0,65,False
79802986,-2,0,2,1,75,False
79803168,2,2,0,1,81,True
79804271,2,2,0,0,152,False
79804599,3,0,0,1,120,True
79807261,-8,0,8,1,123,True
79807706,1,1,0,0,50,False
79807965,1,2,1,1,77,True
79808347,0,0,0,6,146,True
79808801,4,5,1,3,98,True
79809965,0,0,0,0,71,False
79811581,1,1,0,0,42,False
79813151,0,0,0,8,141,False
79818502,0,0,0,8,143,True
79818691,1,0,0,6,130,True
79818971,1,0,0,5,181,False
79819276,1,1,0,1,65,True
79820507,0,0,0,9,149,True
79821892,0,0,0,1,66,True
79824104,1,3,2,1,153,False
79827801,1,0,0,3,88,True
79831830,0,0,0,7,109,True
79834114,2,2,0,1,70,True
79835052,0,0,0,1,66,False
79836793,0,0,0,0,47,False
79837422,3,3,0,0,76,False
79839096,0,0,0,0,13,False
79840539,-1,0,1,0,28,False
79842361,0,0,0,0,80,False
79842442,0,0,0,5,162,True
79842476,-1,0,1,1,86,True
79843057,3,3,0,1,136,False
79843530,-3,0,3,0,52,False
79843544,-2,1,3,0,87,False
79844829,0,0,0,1,45,False
79844959,2,2,0,2,115,True
79846734,0,1,1,0,31,False
79846829,-1,0,1,1,144,True
79847000,-1,1,2,1,114,True
79848526,-3,0,3,0,50,False
79849315,-3,0,3,0,59,False
79849335,0,0,0,8,89,True
79849478,-1,0,1,0,29,False
79851228,1,0,0,15,74,True
79852033,-3,0,3,0,54,False
79852591,0,0,0,5,120,True
79854149,3,3,0,1,89,True
79854560,0,0,0,3,79,True
79854851,0,0,0,1,48,False
79854886,0,0,0,2,53,False
79683611,2,2,0,2,77,True
79684027,0,0,0,1,76,True
79684334,1,1,0,1,115,True
79687673,0,0,0,0,50,False
79690604,-1,1,2,1,124,False
79692045,1,1,0,1,103,True
79695093,1,1,0,2,135,True
79695857,2,2,0,1,60,True
79697269,0,0,0,2,676,True
79698938,-1,0,1,0,37,False
79699458,0,0,0,1,76,False
79701324,0,0,0,0,108,False
79703897,1,1,0,0,66,False
79707043,1,1,0,1,237,True
79709014,0,0,0,0,172,False
79709204,0,0,0,0,239,False
79709330,1,1,0,2,160,False
79713553,0,0,0,0,51,False
79715574,1,1,0,1,30,True
79720513,1,1,0,2,65,True
79720945,2,3,1,2,114,True
79722041,1,1,0,1,112,True
79723902,0,0,0,0,55,False
79726283,0,0,0,0,70,False
79727413,2,2,0,1,86,True
79731335,1,2,1,2,151,True
79732653,1,2,1,1,168,True
79735305,1,1,0,1,103,True
79738195,1,1,0,1,41,True
79739726,1,1,0,0,134,False
79740248,0,1,1,1,78,True
79743145,1,1,0,2,100,True
79744333,2,2,0,1,153,True
79746466,0,0,0,0,161,False
79747771,1,1,0,1,121,True
79751742,2,2,0,0,220,False
79751991,2,2,0,1,90,True
79753597,5,5,0,1,576,True
79756509,2,2,0,2,80,True
79757096,2,2,0,1,122,True
79758081,2,2,0,2,139,True
79764183,1,1,0,0,72,False
79765404,1,1,0,2,156,True
79766243,0,0,0,1,58,True
79766996,0,0,0,0,21,False
79771295,0,0,0,0,77,False
79772776,1,1,0,1,66,True
79773161,0,0,0,0,103,False
79773349,0,0,0,1,132,False
79774762,0,4,4,2,148,True
79779530,0,0,0,1,68,False
79779601,1,1,0,0,104,False
79780092,0,0,0,1,46,True
79780200,0,0,0,0,86,False
79780555,0,0,0,0,432,False
79784972,-4,0,4,1,98,False
79787110,2,2,0,0,67,False
79792725,0,2,2,0,104,False
79797190,2,2,0,2,95,True
79797245,0,0,0,0,140,False
79797328,0,0,0,1,137,False
79798310,4,4,0,2,135,True
79799862,4,5,1,1,145,True
79799995,0,0,0,0,32,False
79802903,4,4,0,2,113,True
79804286,0,0,0,1,128,True
79804625,0,0,0,2,136,True
79805181,0,0,0,2,110,False
79805744,1,1,0,0,55,False
79807789,0,0,0,3,79,False
79808345,2,2,0,1,89,True
79809024,3,3,0,1,108,True
79810374,0,0,0,2,90,True
79814854,0,0,0,0,61,False
79815549,1,1,0,1,100,True
79819270,0,0,0,0,76,False
79820952,0,0,0,1,60,True
79822333,0,1,1,1,156,True
79827356,1,0,0,4,64,False
79829421,2,3,1,1,78,True
79829738,1,1,0,0,95,False
79830258,1,1,0,1,126,True
79831183,2,3,1,0,84,False
79831882,0,0,0,6,187,True
79832098,0,0,0,0,41,False
79832664,-3,0,3,0,46,False
79834382,2,2,0,1,198,False
79837192,2,2,0,1,74,True
79837626,-2,1,3,0,168,False
79838369,-3,0,3,0,46,False
79839625,1,1,0,1,119,True
79840182,0,0,0,0,61,False
79846840,1,1,0,0,115,False
79852308,1,1,0,1,106,True
79853954,0,1,1,1,78,True
